Transaction,Type,Gas Burnt
HXxxL6NCJrQqsuL2FAKHDheiSTYzy7ACpa9ReHqJd2yX,mint,2427965718680
CyVWgsh7c5KGPe6Ljsf4RmaoVavn8phsEg7h8xABJ1qq,mint,2427965718680
8zDQcz6ZYAfq2gPUWFFoSrrHvXKf1sHwLdHN7hR1FHUQ,mint,2427965718680
7PdjzyeVRS3B7ibrckJekRXcxUcbvq57BKg6zPwAcn4C,mint,2427965718680
DVGJotArv6KVHTG7rPUDxTTWUBjjZEk37hUecPrW2EbU,mint,2427965718680
FuheSi5oZU4ZCfR9EVw4kJERsJ3ygmBY7Yk98rsfV4aE,mint,2427965718680
2747a85DhtJv4pcN4tzzm8B8DUDkqMmbNQfBHJEjcnGF,mint,2427965718680
2xGu9rqh1m83NBtC19SVPGFfB38Q71TNEVL5RisvnvUP,mint,2427965718680
HSPbrT4nVs3nEcXYD2GjLcuZDmwL9BxWiVNWuC4ZYE3P,mint,2427965718680
FjydgfjSuxkoz6eLeWGPAPycBCR86Q812LLnd2QWiorR,mint,2427965718680
2yhdF3W8pjVVvngRwDZZEubmSyub6zVbCEc6H3S54L77,burn,2427963482746
AGs8aiZuYcmWvAv4hiBf54HdMZQBUHVyJHZhWajXEZsT,burn,2427963482746
51N88gSKDoNb8Us9vn2yGEog7F3thi9Q9ehPxKvQccBg,burn,2427963482746
Ab2C5gkdHbP5h8qqukVDGvFhpawwq5AWXpZZbds4zH4G,burn,2427963482746
FvN1PQLnQ9Eq7RUDVJqQHkM995MrU6pA9ZifoCQdA5hN,burn,2427963482746
2n4pBHJZBwBrt7GZnS9qfgTrEnLc7FhiTB37UrbQf69R,burn,2427963482746
A632A1GhnkCeEYx3PuhAyh8yYCaWL72r8jLBypvCEFR3,burn,2427963482746
V26QeEKZ7ZQ7DSftMCqXxNZwNSkdCeXycFLfWxY3GSy,burn,2427963482746
GjtytFJsXBsQBQPiZgbvnQ7XKf4M3GVMpppNySPo4DUp,burn,2427963482746
5zyMiYzNeuhwWs5SmvyryQdboaLTave6pgsdm3DA6WSw,burn,2427963482746
6iR7zUjiv4e4DpDKdw18LgWzDYKkmoC6GBUcLH5wRGCv,transfer,2428088695050
H7mPptrDiUKY5zkxWbR6Cfat1voaV48beo1WPg6BMKK6,transfer,2428088695050
8262MgAF6yzCRsov1k6Cj7mP9PLNJ5yRXdXwNaP4aSmh,transfer,2428088695050
DTkLt2DodPtDsvGsCkAkcTGhKxWuq632DaHq5az45iFg,transfer,2428088695050
yQLD8b26SQiAEAtPHnU1gvz9Vj1rNuyzUarLG7wB8zZ,transfer,2428088695050
FJ2g72CcM9PxPPtXo9Wg55UQ5v3RjJVsbdpRnn3A615A,transfer,2428088695050
9SQQFbRa3HYwqrLXRaxGbJFZxwxNn1NPViUnLevFauNa,transfer,2428088695050
2MqGPKD5oPg1mrjX4HKBgcMdcuRBAgUP9LnrzXsvEsgB,transfer,2428088695050
EYyeL6u52vbq67YpvnnRhVNF7v3uWKCSzuZuBbCrcV7D,transfer,2428088695050
BNmnNasbPjijaPCKWsP1XEkdDUgVUWdiwErejJMiJhLR,transfer,2428088695050
3afKCpKLynxxRtHFUq8AY7apDQh16PhTDiKaR1SAQPhR,mint,2427965718680
AMHmxG5LYymVrQ4CGXhc2kTquK2q9bcFMrvJH44ka42G,mint,2427965718680
AbQMm1QnbdHE8DcWfpSkEgwJKxcYgrb9KskswPX7v5NY,mint,2427965718680
7tHBKaJWh55yzfnDedHQ8iYvq5pi7nrdJrsDCDrECUtu,mint,2427965718680
8xjaBzovHiCfK7VP9n66S8xDk72FJd5hBj1qnpy89ppg,mint,2427965718680
A1ZDqLTRBuk2X54UaLiiPFRcwseZVKZRQ5px8iVr2orB,mint,2427965718680
2Wh9kaGnemcqzJrAHv2XZSywp4b2gsAL5o1FVphR7c7s,mint,2427965718680
gtJYMW7QYNxySXcjpGooRhFtzfDzSuskBanYfpzooZo,mint,2427965718680
8hEZJetgne57SXAsLTqYZL9N3e27cEKeeSfmB5gXjzm2,mint,2427965718680
CMUiJrR5SxTrBQUMMRPYze57H7uyQowRvYGSe2mDqw3x,mint,2427965718680
GCgybZVSLnkskyEFacnwbNTrgWPFvBkhSe1W6AJdgt4E,burn,2427963482746
6qysztqKABa9saEQ1ijr5ZhxDzEC6zQk6AAmmyDM3Guz,burn,2427963482746
5u1ztkjFsCeVK6ywZh9nfWB3v16o7cvwaz5m7yvq4sTm,burn,2427963482746
Ba4Pfm7o4eubm4Lu5qnhpVqqDqnt7WySw6oQdTYaCWjz,burn,2427963482746
3YfpfevUt1z6sLEfka25sBSDtYcz7JcCyze5icHoVBDi,burn,2427963482746
Fy3kM7UepMf73bfcfaT99tTQ1kPthAjUZCi9Yz3scezu,burn,2427963482746
2utXukpHbJU37PC6D4zB57BuYmQv8CYZNkuApXfAjVpw,burn,2427963482746
Fd1iTdVcs6aDCyAfSVKHTqwV8uoHEHcmyGxpHZSmUrAs,burn,2427963482746
6xsBhsRyKT7GGCbWc6YVBdSeVrkzDfo6gmpdNtJM3cRS,burn,2427963482746
7WwhT6ovMDkTWzzYi8D8vBqkuMbTMoABghbWPBqcYWjJ,burn,2427963482746
DHCvMRakv7RHJZ7nRhuZDZGLYh66GDuobNTWL8Rf4SbA,transfer,2428088695050
CHdcDoMMVRm3yFtY2AEF9pLb5ZqMhE8Eg1nsQ9ZQhfVW,transfer,2428088695050
GVadNGgX4d9KfJqQY5Vje52DPSZ1rxsuC5k3qGhvgk3S,transfer,2428088695050
E98wbaduRDcErGTvEBL4Dknr8YFkyidcUGuFj9aGUtj2,transfer,2428088695050
6CHtcqdQcwnEikP2FptX4qyuCcj1MFR4okKk4R1gBGbd,transfer,2428088695050
DCCn4Ty25bNXExY9wm8igoHNZixx69EExJCcRWrbP19a,transfer,2428088695050
BHjCBsEcmPbKkRXeQiELzzUAgpMuqJeYKv4iRgajiDdJ,transfer,2428088695050
mSZXVmh4VUmyjPuWaKRzY9sjypPaHikPHCTCTYB2wMM,transfer,2428088695050
EiRcdDrvQjB7BMrekntDQDRwb8pB8Dz8zyrtpu6hjeET,transfer,2428088695050
9rhV4Mpb5NLruD9FqETEY53zAWHR2sZYsGKHJMyGiLAc,transfer,2428088695050
2ZNgSiS9gYqRUX6sf6DSEHBsE1YJ3Hq67ZxRe7qgeUGX,mint,2427965718680
99HvSCCrDHf7KAXucJwL762ih593UFatjNRLvg1qZqBT,mint,2427965718680
6dK3xNNu1uCNSsiU3FXjmNvmNdiPpYub2WbzZeCrccX4,mint,2427965718680
Fgpbx1WmdA1NiAzhKsR6YzkgN2mP42gVVMsNqPsgWX3D,mint,2427965718680
ByjkgiediacGkPoUv4HuHCsuprt6brEu3KLn1CJGPoaX,mint,2427965718680
5x1nwmFbKziZv4qSHLAajkz7a5hNxmF5krwZ3HH3T1w5,mint,2427965718680
5BKfR1pQ2p3vH7L1WVdeW2MtuCiexRyXYj4EjStCtWbm,mint,2427965718680
EJ2w3x11vJX88pgN3NXKQvM8sR9G4j9HC3zHoEmJXwHu,mint,2427965718680
CCaH4Zo9hQaJCD5Vrz2rimY2ogUZt3AouNpDETmZL7FK,mint,2427965718680
EvbuidTWdn9eoepFvYDo7Js6uLrmC3GBa2HWHLUBCiNj,mint,2427965718680
AnkHgXRdYCwqnPbWuCPKhDVUTQjg8G5cE1gb6n9XiWDg,burn,2427963482746
Gs7XEqUYvv1Z9twyKBH1bPyMQ8yM6NCMXr67YrpyqysY,burn,2427963482746
7CqE1zmQReQwWmajcsuPuBXTLAmS5w8FhyHR71arxBVV,burn,2427963482746
GNnJRua4Nv4KjkXKt9VToT1V1JVmP1GnYmrTVgKqVzLZ,burn,2427963482746
B8AaNvzn55YRCWu2o6VuHDudbrk3KnP1nS1Ug6CZNcn8,burn,2427963482746
BPrsz72EkacXc5tSK8yqhh444yrfpcyHy35gS3hgmH9d,burn,2427963482746
35Bxh2CgiUdewrLJDDZTHdCupXvmd1aPhhmRofM3nyWq,burn,2427963482746
H1KNWcD68w8tvrkcvESLrgRRN1V5FaoFYAjzYzWtsccM,burn,2427963482746
DcHuS5T5eNMHizHWVvT9TLYjBCK1uyg89xp9bngYPP4f,burn,2427963482746
6Mt3xRMf7TxFjMkjztyYDSP9feuQKFuJani2Uf52f2z,burn,2427963482746
DgmZF7LZGejpYQzr3BoFU7cyZKNxMLcgXvWGywN9hHBK,transfer,2428088695050
FcpzxHogJ3VfpPQoRt5ASw7M2eFyHpLYjCvUavYSQwyS,transfer,2428088695050
4APNXS41BGGLqT3oSNpsd5EHehYHvybegQtS2f84r2GP,transfer,2428088695050
2cB5tvYrjLQTrWcuSf1zfjx6NCn9B7NidwHrdpoujJCL,transfer,2428088695050
6bZigXzA9w652D3xcPhiwXJ8rdfrd6cSMfozBoKmuWYb,transfer,2428088695050
ADHswcNQ1fuX5K3berS94oFW1dgwaJxGvFxeUHmkKj5R,transfer,2428088695050
76NkjfNwNGgwe9mX2KNY2uEkMVcoB9dGdGTUNGSfFSwk,transfer,2428088695050
AP4Ud2EJyenbcvDhcd5RxrBagbSsYxLegFAWt6Mh14Sm,transfer,2428088695050
DY7ukT2ZTzGcvnuSnFz8meYUJWkGVuwhmc6A3BQoHpYy,transfer,2428088695050
G8ydBTnGoGGTPAMxftJWX9GZNvMjcLqkCaWDkp39utqR,transfer,2428088695050
C7Xj3HucJJpQoDqy4ZRA9mumGMmt5Gw8yKFGK5abBJzU,mint,2427965718680
3K8ykAihkrfwcZjL9Jsyi1Erkq8vy2rswzrKYuaC3Zni,mint,2427965718680
EYRZCApRfXv8J9Urw33obW6f1WWo7CH9C4WNh2omb9cx,mint,2427965718680
DKGG5aQrS8WsP61ZUPM3jQNTQWYyCdTpjzSXUiRBDZJ8,mint,2427965718680
9C7ASHFgGz6qov83nnuhCXukgDK4TmG1ARHfH564ppur,mint,2427965718680
53xzW84qAv6x6KyvjMBa3diNrG1enLQ2nYqt9mFqTWk9,mint,2427965718680
4VhU54A6sVMVZRVUJ1K189gFFVKTZwZm85gX3xSoDRSe,mint,2427965718680
Cs66jnC5RDdgCA8W4ZZPyUsJQgPa2ayfiJLtQeM1imNG,mint,2427965718680
5WXpbkNj6RcYFwb5Nh71uRUpASCBnwde96A93LWSiD8z,mint,2427965718680
vmwV7t8aGoYGBU1gYfbjBCi9i8XcPotVnqJUmKefW5Z,mint,2427965718680
HABieVXSqTrgNghDgNVEUZawQnBHaPfLzq5Vs74rpkR7,burn,2427963482746
7Y7HHKcUSY2Bo4DykttUfT9RSDFWVJ17oDYDmrdxwdZs,burn,2427963482746
Fdpms4AxjUQ2WaPp2K81ULBAM52VeTVGtDaXzn1jPt4S,burn,2427963482746
EL58o53htSVPP9WVmhSkBtF4wFRE2aZovBJQ5mXfSG5u,burn,2427963482746
J8FZFV1221rvgJokrjeWAGockf5yQKxiTj4KaSfBDsmp,burn,2427963482746
7ZQMHo9PtKfgHKbUMvQtUQUn3Uyg2Trh52FbreayGdoc,burn,2427963482746
AemSvbcY84FvgkgCkB6ngXhZ5LyQ3tpLT2tXb6woDC8K,burn,2427963482746
SbT9i9vRyJEa93xwzRepj3EMPmFezsA3DGZtRvJtgCR,burn,2427963482746
CtVKVkUQLJB5F8qa8DXaSaKwCm735tCn2WzwV3D8XMbv,burn,2427963482746
HemWL5VY58FF9CWa2KPiCTBqcYwc6gR652voczz4xE3C,burn,2427963482746
ATJiFbMfEXNyDTnHqfKL5ui81JDBYEoYsvhwVkrMgt1c,transfer,2428088695050
3ER9LDTdfN54vZeubgkJzpGi6rvuf4FL6FKfXmt9mUHz,transfer,2428088695050
8f3BqBnHwSXHMvD9nWrA1EwEH938sscQ2MGvovZJZVfo,transfer,2428088695050
6vcmFCEKYPB6gahv5EoZ2jy5UKvHtKP858PCUa6YZZw4,transfer,2428088695050
J9VekmQa3jwxHXuGqGfc2n4boA7tFixLaSZtSkEMZzF5,transfer,2428088695050
7e2xhnXzMFkv7uXzTfAsNAf43jJA93rH7W12VPNZwkSM,transfer,2428088695050
BztscQ2yG7TVQWeGy1HSRv7V623SiRv8QtSmaRFF2zVR,transfer,2428088695050
Fd7apZqguF1nSiLVSdju2XeapRK7XQtSdRT95jCQYTR5,transfer,2428088695050
xVTkQYyEzGN7QoB7h8wjWDToYZ7vqoR6pndwdLLdfsZ,transfer,2428088695050
C8XSEJ8F7u1Z3psZV4UaoeSAP71tfUYWRngiCo38BEUd,transfer,2428088695050
62oHGwxoLq7nytvesU72padiuxMZ1NsN9EjyuR9yenQc,mint,2427965718680
EcgEidb9YHWXTfzwk37c3Mef5YT7dkrYp156tAYPGw3v,mint,2427965718680
2NtYujco4qbRmkxZa5vmkT1vsy3dizPeRPSLNMXn32s4,mint,2427965718680
HtMTHAnPD8bDmtznEvzVsPvTYTsKr4KgUgnBvJEuet2W,mint,2427965718680
dfnyL8cqSmbxPJbHKhhQFtki4Rb74Liojct7xmfswxa,mint,2427965718680
7bZrPBbGQ432UMny3fu5GJKvEBoDUrn1Dh9VWdjazfVW,mint,2427965718680
Chb8VgRtH3UJJWp2fSNFsHoBJQsJ6riKLs5pD2Gr5xsU,mint,2427965718680
2AojTp8KP4uSfNmbqhvPqV6AhzD8GYFL7SBSiowXm3UC,mint,2427965718680
9wB13vLekAxtG7UFwYzZZsDWP6Eew7Ab52knbV4Ph9dz,burn,2427963482746
5wfZR9n3dZz2hCyJwQZLx9rKxxWPKQgjQkqiREDLdudw,burn,2427963482746
CqkM3rztM2tgg3p3YUqE4cs3wgY227wckDkEvSm8Mphy,burn,2427963482746
GtZ8xRuvoTnF1FasWhqru9NjCD8zF2ZswKrsoqdsFmSy,burn,2427963482746
GrpoQvoCWe1yJZdbvy9nESphjsNB3spo9D1KgYfvV5Q3,burn,2427963482746
9Po1ntQyTnSRJvphKEjgDj1HnHr8BFt73nkD5Dv81pRt,mint,2427965718680
CVzx81h5B1zk66veGhcKWrB4v7RNJMhdq81BRjxL2nr1,mint,2427965718680
F4CueDq4DQXvmhmiiXjFvjeNLuDbfsbr3xXnYNmwfQRe,burn,2427963482746
HdoqTYTKxP8egrU5XJrPm3UCHZbtxCvoj1h8csLtMu7D,burn,2427963482746
8vA69kAdUPmHN5FM1pJxEgjANwFdcBqah67EvDn3WLfJ,burn,2427963482746
AtAaz7zdvWYWZfAVmyuwkZdM9dzc1ZgjaCtFHGhkDVMc,transfer,2428088695050
D1PCaKnCwWFzZYFjAHgY5nRgPBoxbt3yN5tc2eQ9ncJo,transfer,2428088695050
H8gNq7rwmsdNk2FQ94UCjoG2s7hUexYGVZEN1jz9KEAo,transfer,2428088695050
D3j1cq3bFEh2stTFxx28Gw4remagyxb9x676NuuQw1Ye,transfer,2428088695050
DJpXx3PDdKfRZ13tMBTKVVzTYPaJQyh4HwN2Sk4NArrC,transfer,2428088695050
CawsNLQ9NJSzkcVrFfMWmiwDvDgQ37FmhpxwJnARqGtS,burn,2427963482746
Gibobdx85JhfRkThunJ9x2puqXeB9tJddXWhzP35tED4,transfer,2428088695050
83DjGhYQdZZwmmPqyChevNUQhBuANAhv7Jv7NmTLCXbQ,burn,2427963482746
AtnnLwSteku6A13tHLe143EBN7caqM6y4w2xG9KxbYPd,transfer,2428088695050
AejTGuVnnUpsddTV9EQHSDqyCrTEpNCGp9YLhXgJbTqJ,transfer,2428088695050
4n64mqBBmqeoduXKLyN5iWiEfESBCyc5DwDhbhe8Fn1F,transfer,2428088695050
HVwnXserV8VMdiFn5T6wjsHx9Hdg6oMom9pXJmtT3CKZ,transfer,2428088695050
7bBw7CHdYWqfDdLsdzcnLcqMiP9N88VVKGjYVfuK1Dwo,mint,2427965718680
DcZxuieVM1RnucGg86sixDrFa7fH3AWiLmjT1zN241kz,mint,2427965718680
4ahC4hFDNziGbS8xdPZcNhUYCmWXu4AtpUNP9jHZbAyb,mint,2427965718680
HhWVv9d6CUa1aXYkyK1ZF3daeFt6evfUmtXoSgb9vVxU,mint,2427965718680
5JXwuLcSSbazoA1dqaMo3rKK7CTBpH6UGqSc1rsE4fux,mint,2427965718680
2rRhy7pbRySH3ubWjeW4zhZrsY3GAnfP4s3cWwojRvgd,mint,2427965718680
6kCBgGUtMKk4ARGYML3MLBKFuYqFLVytKNWVrL6u4fUX,mint,2427965718680
EVGEPVAgufYh5dmbRoDMeDEUE5rpfeTzBGoPZYCpUf8c,mint,2427965718680
ENobFNWvHNsrKs58mW2yege1YWx6aXr2ND8BFT3pX9mJ,mint,2427965718680
Ca2AgSd4kgAPHPEcZqQxrHAuaNWa4z6SSqQbvRF66tnp,mint,2427965718680
BeoPTATEdPJNXggBKv7KPTypHHiZcTR3BKFFBp6TLVn4,burn,2427963482746
FQ8vXYnwGVrSGMzivDmKuwncSKD31APJbJyyY1Prdpuj,burn,2427963482746
D8dGdqVdexpLom5vwtUGD2S5DEss4qHzmp4DPN9QWWBZ,burn,2427963482746
6kvUReYtiVmaNAvXu8bEuuvfY2gUx9TtKPj5VxAyiyUV,burn,2427963482746
H4nsNrq65k34X6corjgYKS6ByCX1iy9Xj8zPCJN9tqtb,burn,2427963482746
6mxZFhQJ7FFyww4Dn1wx4ZrU2kEQkWgK2CmM9vdZTmZv,burn,2427963482746
7VSeEyYdNNpyN57CZgnLxjCmNkTWAk9ac8pxGoYMkT5v,burn,2427963482746
GE5L9B683gnCZiaLKEnEtiTNq63orEJt7W7CSiNamdUi,burn,2427963482746
9xYaNzdC47aaxZ3T9d7eYJE89WJ1U1N47iHAABi5NSQB,transfer,2428088695050
4sfkWqTzaHdRGw1jFgbPo9wcSEdvjeFRtZEj6aN8dgAJ,burn,2427963482746
AeUGf9fg4osNc2FNZsuV8aRL7N5rdewfvvN8NeUnsKdZ,burn,2427963482746
A1BEuZEEsnRFB5oqyfkoshebpqGmNMLQKbaXeAchQMd,transfer,2428088695050
4aEn7XrfyhnbVUVD3RPeVdiHB9ryEtDhHrvn51DsxU2j,transfer,2428088695050
9feDaXVoco3jzEkDFZP32ezGf78PqVd3ZQThy4efGDHc,transfer,2428088695050
BgRD9GhkG1q8dPnjpwQsLE7irhBSHxMVT4BGMDsWR1yu,transfer,2428088695050
AHCZyE3P32f1gTQWrYvcB5kvB1aRYKi3yNNjRLq5pKMA,transfer,2428088695050
FQpcyXbFWfYEkSCw6PBTRgkjvqNETXy3vbPzKowYUgyz,transfer,2428088695050
EbDY65G5NETwcUqiLVQY5vPVxeGa8DZX1Qoqss31iaLP,transfer,2428088695050
An3m5LBDY5iog8uJABQS4Ea7C7PowrSx2iJ8tXWeTm5G,mint,2427965718680
J8R5QbAAYEfmRCvovZfKCJBMmCkKdQNMS15Gwj6z8145,transfer,2428088695050
9bmYjL7afNCG5EMCduseocbEGvmv4B9FP3HDZRHbeYBb,transfer,2428088695050
5eQqF44qNqeeuPEQWu3F46gpALKrCKVeWd6s3yxXda7Y,mint,2427965718680
D1fqretmfuw9HTvZMPqo6bCqcRLYoVnmkwzZ4ctegR16,mint,2427965718680
FqfdJD3qaPpGAQd7sLt9cR1b31aPWtG9A868qVUMYYkt,mint,2427965718680
C7UiEX3wuJtENsyUQimv2ohfEP4MPRPNin6oMKVEQm7u,mint,2427965718680
DWKxRxbN4rqjY7j1Abk8b7JwwZxURANojYNEKJCdGDvZ,mint,2427965718680
EyYJy13FmA9bschqWsZdWFGtt1tyJ5E5eb3nQS3xmzp8,mint,2427965718680
Bo8CMPbk2qNpzRMChdF9mjBTho5cnXeUVKCJyzc2o89r,mint,2427965718680
BMYkDT3r8jvrFdt8fB9HGHKP3KXqfsBiSxUVBoggNMjK,burn,2427963482746
9HvbXh98iHTG7jfvEJjPf51uz3wtrQ1cmDcxFRZt8PSm,mint,2427965718680
CxYRDPdP9LUiZ4zJ2PF9M2k8pTCWjEgj4V1NTb5sNWth,mint,2427965718680
4X7rvvrT1WX7Vs2HSMwehbs3ePAEYdCtB5jpBzabGTuF,burn,2427963482746
HgKXJi1U1ZnfvE6TKDBUmU8JDNQV9i1KeyJakgcX42wY,burn,2427963482746
2sNuM5BQvAnvsRPzTaAtJhjNLfMkGMw3S7B1LMaL2ZtQ,burn,2427963482746
DPxH941Sjp6zZvx1fY8YRNvHB8W5es6qwFRKKcn8fVzw,burn,2427963482746
346WRKErHmdgsUbccrKY2yJ4mF3HpbtmFR1jvgMbc6NN,burn,2427963482746
CQ8Gn9geogeRVmB9E35FwjRZReaMTidCE4a9gMtw3cF4,burn,2427963482746
93okD5emu27Qu8r5vckuJJ5Wbi9PatskSukik2FZhoz6,burn,2427963482746
8ktRcwyMtMix9qZCeA8t5gbBS6E1aQZo8kK2Wm5Za4YA,transfer,2428088695050
Cbm1dScetDR15ztEeoTJ287yG6h4vXGLeirgaeqMXEtQ,burn,2427963482746
GKKL8XphAXgnckwrtDqoz4Lix6z3V4NUzYokktH7vQau,burn,2427963482746
EYVJDhkpazBXrphMYdFgwWra3rJsT1UHxH3kDsAAeVud,transfer,2428088695050
Em6iYECzLcC9us1iGtztpfc6vYdc9QNKMsYBdfzJc5wU,transfer,2428088695050
CSzbRr3myUbTqgwvLUJHn3mg5hL1nCfsJupkSSW1STmo,transfer,2428088695050
FfKzM2j6Whv2MkxmyVyQ13zq5gakCJ3hH8LwghScne8q,transfer,2428088695050
DmQemJQjhby1TgqVy6wSWVV4xC8pSUKGgB3kryo3p5Gq,transfer,2428088695050
FPr8vvBZyDLiV9hHXuDr8NW82B9QaL1xYP6UPcjAEZZo,transfer,2428088695050
dKMswKD7QAZQ9hSF2WyDKwKX8ZDazAkobNh9uWKBnoJ,transfer,2428088695050
72TZfLCFEiofECQ9gXjsv1NpAUbu62ye9qXvbfjE825s,mint,2427965718680
L8wJRdnUdkVDWSXxc3Yut4T5oWQcbwEoDeT3oqHDscL,transfer,2428088695050
6oXvQekGaPYkKnrY1h2qznBCJJNGGHuPjjCJcV2YqCZc,transfer,2428088695050
AQbkxaN57gEdonyeLLCz1dDiG4LEwSVnrboe6YyfXZZ,mint,2427965718680
G42nFsvKwuXMAZCowxQK9TYyUsE2TGdM3TagYqhd9rY2,mint,2427965718680
CUyfu3rdV3Voawb2atB8ue96n5qd9YdHJCfkbAEYesvR,mint,2427965718680
14MFW5SUPndzpBFhD5p72dvMUKqJUjVCaXrB3RHgXVHx,mint,2427965718680
ADU6YZNRKsssgDMnpeNxnKrU8hWJ3rj94nXwAZA2MxUk,mint,2427965718680
JBMZqfLF4jUCWyrqSDWVA3yRYTW9X32j7fi5wYApwaTc,mint,2427965718680
8CZAbvuE5wcEud3WiTDExVvCoi3WqmwfS9VxCBuJzTMi,mint,2427965718680
Kz5J38Nfn3u3kXTQwqfVcp4zjvx6adeESKwsHSFTf6H,burn,2427963482746
VvFuSRWMWPpG2NVp3HdGH1HT6eJQR2PYykEo3wgtm2W,burn,2427963482746
2CDd96Bcfjsn2eCeH9M6kAdV9qqqVqytkN4tNttVonaP,burn,2427963482746
BsSUDmLkeTVm9nzMM73wYiTqzuyttZHk4BgBxCwDHXSn,mint,2427965718680
65kB5qm55o9LDgAvgft13rgpdYZX1bAK19BqyA22agw6,burn,2427963482746
FER2VZrgrh1CneHTBzjJikd73VfiXp3ABbsGQAMqCguk,burn,2427963482746
FAuQVczNgzV4JnTkBgRBQXs3wiQVfiSgrdYYXWW9DfWV,burn,2427963482746
75vpvVGrvdQQBHMXqwEyR4NZHzvZzUTgTaQyZeuXVPj3,mint,2427965718680
C8vVMrn174EEaWCbPyNyCbwisxASYBn7uKTXrceDnbQU,burn,2427963482746
GAkiRxKf2sFD5HhsK8d4BsUyGCcgXUUrqFeWf9tqtbS9,burn,2427963482746
88DEnrbwHVBJHX3E6Htt677EEuLEJCVpVBPYp82Yg9AG,burn,2427963482746
4Fnd69Z5c6iPcZNEUhgQs77BU6QBjHVk5z6XMnVzWBqq,transfer,2428088695050
3yUGMqYopkM9yyXiYwreez14r2J5u63mx6DEHDavJPmj,transfer,2428088695050
waU7QtSCr7vARaF3MVFfoWhgbXsJZn6xLbWHrTbeAoV,transfer,2428088695050
3eAkvSwCB3kuuqUfbM4kicVGVq6HXssmeLYhsD7S64Va,burn,2427963482746
kzDb75Y5xkAyDwFeYefmCob4PN13JE81hBtdUMHfbWH,transfer,2428088695050
92H1uMdrGZdFTZPoRrYsdLd3pPfKUzzbrFpvd9YmwGRY,transfer,2428088695050
8MDvYLnFeEQyeWM7SxKqT4c154byxgBdN98qwu9A9W1p,transfer,2428088695050
5j1W97KeVX71R3ChKA1dJNaJRyLuKSooChH9uLANBbpQ,transfer,2428088695050
BctFv1rmvQpv7CxNDwPtJ7DqaHPkuVivLYMAS1TQAq3,transfer,2428088695050
HpCC7SPz7QSQsRKbaSQBHYdK2LDRvQaFVFsshAh287zV,transfer,2428088695050
GRaxPWMBzXAt16GSBSDFygi4r8ny75Md1gNhoDNcXkBL,mint,2427965718680
2cQrSdYgTwBhBVNcGBSCev7jajs2SfQnfvyH9ZApsgV5,mint,2427965718680
3m1cDyRDkizziGbRVJsjUsqZRfkNJJ6JNjdMRPVQYVqa,transfer,2428088695050
31BaXMv5N7FHqF5Mr6e2FjEXEjggQbE8NZVs6E3zcHqh,mint,2427965718680
EKpG1ac6uJAac8AGUJK4Ws37ZbnvUUknVLXrLipsHdUy,mint,2427965718680
7cUCtrUHNPyw4b9uZimKywcDmLnuHb5TAyE1hnoHZZWr,mint,2427965718680
CZQzdnvNkv1URszwbQD8Rt29ZDzdZcuyMN287bksH4nE,mint,2427965718680
FD5Xnz4Q9fkMugm8fiZP3mXVs2zpXo3ZUxUGwtsT4LCY,mint,2427965718680
6Qw9kLQvAAPTJN5kbzRzU7j76FSXPtGhzRAnPEL3zj5g,mint,2427965718680
DsoqQc9iToz44TZ581p6t3q94hLb7Coo1Ycjzn8Ybzya,mint,2427965718680
9DQ8gAqLwGMnrUSa6soeMNppYzgaGTjYirx46pBbWd1A,burn,2427963482746
D6TEWCj5Ao1GNg3a3hFKr1DbxJQkGaNT22ngpt7D7V1f,burn,2427963482746
GP6xduNsZnb7aqiFnoeSHpfZBJjMFyLZxjGZc9RtNRPt,burn,2427963482746
7JAMNYzrNwoWkhPGcsBGoocuiuqWF5ZL3FMbAfKbnvFS,burn,2427963482746
7NZ5G6K1pRswHtzYkGhbm3zpau9CnwuXon1nxGDfDowR,mint,2427965718680
ECwmNZzvX4BhVYSWGDmA8ipGaWr95mLWEfuMBs5kL32u,burn,2427963482746
3dJXvX1UJUbzv8KRv2RDTSTVsw5VDztyYdGwWmQ5Zudj,burn,2427963482746
F8qsbNd9BbjB3L1uvoPHvSB97P2CR8zd1m194SoZvXWE,burn,2427963482746
FbLC4E9vCj2rT34r3Z15nqwK21sg5nFwXVQgrvSkjspS,burn,2427963482746
9gTJijR8VP8rfRdbnUsnawLjH7MXpWjkrbkMjcX7x5gW,transfer,2428088695050
AWo7NHjDp28jNNDG7aC7iXcn9FrGgcNMcwA74hFRtFJc,transfer,2428088695050
FWkPbF2Tvn3hvZf94Ext3JdpdqkKq32pi2Zb1fAbSxfU,transfer,2428088695050
7sZcMzzhCpyPkmzsF6ggU1fCK3V4oyBoZWm1hGtYDP5Z,burn,2427963482746
CKzRw45m9beDr9SAeruoEAt32aXPu5jbkXdZpQMqMqya,transfer,2428088695050
9hEwFyEpBZ3Suwuys5G4foVZBWC9S4vQ6Tiz4xz3zoD8,burn,2427963482746
6z5rNDDXcs8Pu6wNQyCoqCoxbfWcNajnHLzk6Sc9n3na,transfer,2428088695050
741jArsLGqBzDUCtEHSF5q5MUh9rku5KxN5jMQUxQ4Yb,transfer,2428088695050
95CF5Rr67xTtJkcMuEshfGsFtywV7g3AZhQJd8g1KfaQ,transfer,2428088695050
AmvzV9U3t9BGFGKMxpfTksRuQFiKaswsjYFJP1oeMWsN,transfer,2428088695050
FQWBAPaQdLzcTJ85MTHWxtYDR371ZBsWnkrqp3rB5GpU,mint,2427965718680
Datmkj4iUArTfAHc51brytKHjzhnCYDzpFX3YZJaKrrE,transfer,2428088695050
JCT5Q9ZcED2Rk4DjmUbAjowGH1zV9GkfTJZ2s5wiE8Yd,mint,2427965718680
De2Wm5Bpv2WkBUsCqHy5BCQDDVQ7qnNtsk5cynnTe16e,mint,2427965718680
5p81GVTqt32LmrG9eGo8r3LBGayqY2UpGdUPkWaxUxGp,mint,2427965718680
FikZXw7pL9RKuWSNbBABsSR7uAVcXCvs7fpzRi5c4kU6,transfer,2428088695050
EfSJX9j7D5Taw3fhVVWm9NEPUB1ppTSbFeEL6YaVg4fN,mint,2427965718680
6veoiRStLrH9m2RKntqzVE3pgbeCwftvnbaZgHBMQy2v,mint,2427965718680
DPh7ihR5J3H5yVntk9eZqHWMvYLRZRvABJmXYLdX1TWD,mint,2427965718680
BiZA58gJLbLWH1JGfpBpibM9Ks3Ax7oZxqMeK88rw1bJ,mint,2427965718680
GHEhsZ8pP5eRGfFCjYurRhZwprnCyA89v6pLQggYnKM4,burn,2427963482746
ERMWYR1vjFq1EqGSfsaVGXsmNA63FQy8BACFxUdSNb48,mint,2427965718680
5nkv2rWhvHiDnEVAqXCYLHk8gYycAhNAdjixkMLQ5wiT,burn,2427963482746
AZQNskDDddoVhzgr6RZVhCWZDXdVoqxZz2LyocrYhsrJ,burn,2427963482746
Bu954p9c5WWHvbwLUJjs9QfoxBUxtkmRLk5WfoLu8MX9,mint,2427965718680
6fMbJ7386t2moyYsE7RUUN3WZ2XhWerzcBQB49FeEsKQ,burn,2427963482746
6QRTHkwDSWxALZ4LPCuNgxWoMYYhGM5MnRXHf3hUJ9q1,burn,2427963482746
EFsaRkBeUomacwEUk2jzezuaivZf3yemH1CpBv5hZ6o6,burn,2427963482746
DdqYoT7ACsnH6BE53wVyXSQpHnUca2YcwvhvngQFX1DW,burn,2427963482746
HVNxMpa4QFfgKiscxV3Tqr8RTMSPEV1jyEX3ccne65Tc,transfer,2428088695050
3aeT7AdFfuKiuMnuMyP8mvCg9S57S2cRca73x7mkwf5A,burn,2427963482746
WDouWv8wrpy8ckJiycvmK9dy9V6gkDZAtNTU5jqL3HY,burn,2427963482746
BtEQeafguhCzRfx3bKv3ScU769YexCdB5hhpDz8rDwAR,transfer,2428088695050
2WfYsS7rtEpMonwNe5e9yv6cctgNEUdpUY6Pdnj4nxwu,transfer,2428088695050
4Da8XadiSHwpte58qV3fJPRogyikXfN2DYAzKKUKaqER,transfer,2428088695050
BRK7Ks2JNutxK5GiRKFx2JWuhjnCpj1coK8x5FpgPT3y,burn,2427963482746
B97wRTCBZ435Yu2DTqeFtoViojcf5D7J8J2g32kcXJsw,transfer,2428088695050
Fa54GDLc2MSz4h92XzVmzH7LSAFT7vbMarwVmaBcN945,transfer,2428088695050
58GiweVNEa68qD2sJ4DEUjqzJqg83BRs2vttwScNTgyt,transfer,2428088695050
anpGy3fpjcQsjkmf7aELrJ1dFrZ2LTYotNgcZjToyKk,transfer,2428088695050
3qEW9yeRZ34sgCkAWd8PUwg29cT4iPTPuATZgT8G6znp,transfer,2428088695050
6XqF1ctj628kd2pEXW1u2Xx79WzE5zks7p8PZ9m2wW7C,transfer,2428088695050
